species,longitude,latitude
Rubus chamaemorus,4163860.832,4370891.432
Rubus chamaemorus,4358851.944,4437866.407
Rubus chamaemorus,5085947.931,4231184.689
Rubus chamaemorus,4372502.782,4140554.892
Rubus chamaemorus,5209103.087,4799852.626
Rubus chamaemorus,4895687.668,4874124.207
Rubus chamaemorus,4191750.893,3902670.762
Rubus chamaemorus,4215420.405,4019365.064
Rubus chamaemorus,5289798.483,3961806.831
Rubus chamaemorus,4467380.322,4144974.789
Rubus chamaemorus,4716351.373,5233248.428
Rubus chamaemorus,5292436.479,3950951.654
Rubus chamaemorus,5110804.42,4094234.348
Rubus chamaemorus,4781067.542,4895428.205
Rubus chamaemorus,4143948.8769999994,4014173.364
Rubus chamaemorus,4166601.766,4383883.005
Rubus chamaemorus,4237612.068,4413341.921
Rubus chamaemorus,5004944.688,5154388.011000001
Rubus chamaemorus,5380712.204,4604616.512
Rubus chamaemorus,4398850.35,4220902.046
Rubus chamaemorus,4121662.593,4258827.295
Rubus chamaemorus,4557121.859,3983249.734
Rubus chamaemorus,4576186.754,4880832.864
Rubus chamaemorus,4828548.384,5250436.865000001
Rubus chamaemorus,4939065.567,4984885.066
Rubus chamaemorus,4899993.911,5356458.385
Rubus chamaemorus,4336841.316,4355589.609
Rubus chamaemorus,4512618.135,5081006.951
Rubus chamaemorus,5057987.64,5032509.452
Rubus chamaemorus,5098317.419,4282735.308
Rubus chamaemorus,4476778.195,4035530.535
Rubus chamaemorus,4637836.541,3793360.147
Rubus chamaemorus,4204468.609,4269372.697
Rubus chamaemorus,5186154.586,4385026.714
Rubus chamaemorus,4445182.794,4976200.652
Rubus chamaemorus,4506921.178,4649523.595
Rubus chamaemorus,4470496.995,4998847.07
Rubus chamaemorus,4994069.829,4215429.162
Rubus chamaemorus,4670820.008,5191956.933000001
Rubus chamaemorus,4553206.448,5107229.037
Rubus chamaemorus,5080268.641000001,4241111.801
Rubus chamaemorus,5055036.147,4843143.447999999
Rubus chamaemorus,5257804.537,4699656.814
Rubus chamaemorus,4460774.023,3994362.609
Rubus chamaemorus,5132803.207,4209075.512
Rubus chamaemorus,4549952.801,5093976.019
Rubus chamaemorus,4460208.86,4791766.312
Rubus chamaemorus,5116836.118,4312616.194
Rubus chamaemorus,4153582.816,4315525.365
Rubus chamaemorus,5106264.144,4085687.988
Rubus chamaemorus,4680264.263,5136275.773
Rubus chamaemorus,5012617.199,5297304.403
Rubus chamaemorus,5187684.328,4916762.336999999
Rubus chamaemorus,4321039.412,4231618.231
Rubus chamaemorus,4679928.993,5136411.885
Rubus chamaemorus,4328401.052,4077385.101
Rubus chamaemorus,4836482.179999999,5196120.67
Rubus chamaemorus,4941425.633000001,4823214.478
Rubus chamaemorus,4823640.477,4759298.12
Rubus chamaemorus,5092067.403,4322423.192
Rubus chamaemorus,4464269.283,4284415.563
Rubus chamaemorus,4850020.97,5190275.255
Rubus chamaemorus,4875547.568,5170946.856
Rubus chamaemorus,4777436.119,5306025.07
Rubus chamaemorus,4417331.164,4641702.789
Rubus chamaemorus,4513189.965,4137937.729
Rubus chamaemorus,5078859.887,5227995.586000001
Rubus chamaemorus,5089029.771,4239171.208
Rubus chamaemorus,4913747.375,5168667.357
Rubus chamaemorus,4203808.533,4062854.693
Rubus chamaemorus,4360437.71,4155144.625
Rubus chamaemorus,4550741.606,4111935.416
Rubus chamaemorus,4499841.375,4118769.913
Rubus chamaemorus,4960666.678,4449601.349
Rubus chamaemorus,4485515.997,4659512.929
Rubus chamaemorus,4955212.191,5250777.262
Rubus chamaemorus,4083748.673,4218332.084
Rubus chamaemorus,4413382.465,4483912.9
Rubus chamaemorus,4690729.846,4680035.188
Rubus chamaemorus,4605472.599,4153845.7639999995
Rubus chamaemorus,4990467.703,4846284.168
Rubus chamaemorus,4314130.081,4049015.6020000004
Rubus chamaemorus,4560382.964,4882349.284
Rubus chamaemorus,4646898.306,4781731.195
Rubus chamaemorus,5177960.291000001,4927452.608
Rubus chamaemorus,5146644.035,4936033.576
Rubus chamaemorus,4559336.039,4138630.152
Rubus chamaemorus,5108317.353,4200657.675
Rubus chamaemorus,4684408.675,4324553.451
Rubus chamaemorus,4176907.27,4040715.549
Rubus chamaemorus,4552868.925,5085988.399
Rubus chamaemorus,5084688.25,4236026.767
Rubus chamaemorus,5024195.560999999,4678397.799
Rubus chamaemorus,5339609.416999999,3965675.512
Rubus chamaemorus,4884686.97,5184764.710999999
Rubus chamaemorus,5307052.059999999,3937189.327
Rubus chamaemorus,4427920.492,4335198.8
Rubus chamaemorus,5115869.384,4223770.647
Rubus chamaemorus,4511240.556,4095422.676
Rubus chamaemorus,4558155.024,3804770.445
Rubus chamaemorus,5107925.787,4293380.104
Rubus chamaemorus,4548949.636,4522736.99
Rubus chamaemorus,4117415.902,4270910.112
Rubus chamaemorus,5034649.088,4861147.62
Rubus chamaemorus,4464581.261,4166407.879
Rubus chamaemorus,4426125.005,4469275.812
Rubus chamaemorus,4529175.286,4382346.681
Rubus chamaemorus,4713765.202,4206847.669
Rubus chamaemorus,4412378.353,4313361.672
Rubus chamaemorus,4555919.166,4043356.132
Rubus chamaemorus,5079086.731,4237723.553
Rubus chamaemorus,4391641.09,4081384.421
Rubus chamaemorus,5070457.197,4652987.48
Rubus chamaemorus,4449476.306,4241657.424
Rubus chamaemorus,4705522.2,5205855.968
Rubus chamaemorus,4621114.55,5066412.46
Rubus chamaemorus,5046252.712,4519156.367
Rubus chamaemorus,4786888.359999999,4641255.48
Rubus chamaemorus,4919489.862,5036371.911
Rubus chamaemorus,4258381.91,4402639.309
Rubus chamaemorus,5168104.522,4300090.107
Rubus chamaemorus,5055235.242,4220775.087
Rubus chamaemorus,5143163.662999999,4241290.333
Rubus chamaemorus,5010348.046000001,4854995.109
Rubus chamaemorus,4866789.777,5076301.379
Rubus chamaemorus,4557675.603,3806598.322
Rubus chamaemorus,4122397.664000001,4199152.994
Rubus chamaemorus,4852597.397,5096136.53
Rubus chamaemorus,5018497.546,5164914.588
Rubus chamaemorus,4565258.602,5124652.675
Rubus chamaemorus,4167617.649,4025653.965
Rubus chamaemorus,4530792.043,4541715.838
Rubus chamaemorus,4864937.395,5111647.271
Rubus chamaemorus,4223478.037,4160313.949
Rubus chamaemorus,4854666.744,4661500.992
Rubus chamaemorus,4328148.617,3996814.313
Rubus chamaemorus,4476117.447,4754777.632
Rubus chamaemorus,5002920.503,4963704.685
Rubus chamaemorus,4985230.507,4217928.107
Rubus chamaemorus,4860741.814,5049580.875
Rubus chamaemorus,4172093.037,4154843.017
Rubus chamaemorus,4087149.078,4324184.351
Rubus chamaemorus,5089066.156,4392815.568
Rubus chamaemorus,5112931.348000001,4325565.248
Rubus chamaemorus,5066640.25,4489243.671
Rubus chamaemorus,4303923.463,4448782.925
Rubus chamaemorus,5152644.099,4225415.736
Rubus chamaemorus,4553018.135,4468881.426
Rubus chamaemorus,4700042.294,4903253.9
Rubus chamaemorus,4982081.457,5289455.863
Rubus chamaemorus,4401201.003,4305082.817
Rubus chamaemorus,5036126.458,5228174.247
Rubus chamaemorus,4295567.623,4094838.296
Rubus chamaemorus,5270808.524,4737305.501
Rubus chamaemorus,4333642.418,4092274.226
Rubus chamaemorus,4334833.382,3758148.438
Rubus chamaemorus,4325499.161,4084414.606
Rubus chamaemorus,4290376.543,4259737.685
Rubus chamaemorus,4548923.253,5046178.714
Rubus chamaemorus,4418512.911,4286004.381
Rubus chamaemorus,4884795.486,4171447.672
Rubus chamaemorus,4222315.726,4157555.108
Rubus chamaemorus,5281019.648,4645056.878
Rubus chamaemorus,4934859.667999999,4955034.292
Rubus chamaemorus,4888398.323,5224421.711
Rubus chamaemorus,4161119.985,4130440.427
Rubus chamaemorus,5108576.229,4699042.686
Rubus chamaemorus,5150087.394,4136464.463
Rubus chamaemorus,4382932.621,4361667.338
Rubus chamaemorus,4513888.945,4686012.751
Rubus chamaemorus,4247578.578,4206339.578
Rubus chamaemorus,4791110.239,4956077.867
Rubus chamaemorus,4485361.557,4293294.887
Rubus chamaemorus,5019384.697999999,4688507.271
Rubus chamaemorus,4725177.267,4860179.977
Rubus chamaemorus,4448546.428,4816872.851
Rubus chamaemorus,4809081.021000001,5322079.099
Rubus chamaemorus,4330634.219,4092320.033
Rubus chamaemorus,4093128.317,4173528.211
Rubus chamaemorus,4792389.554,5138969.176
Rubus chamaemorus,5146145.766,4285355.284
Rubus chamaemorus,5150064.515,4891160.169999999
Rubus chamaemorus,5107377.315,4299430.969
Rubus chamaemorus,5005258.766,4899986.015
Rubus chamaemorus,4463659.601,4284448.445
Rubus chamaemorus,5010856.495999999,4949483.061000001
Rubus chamaemorus,4323293.001,4328173.245
Rubus chamaemorus,5076223.619,5217068.662
Rubus chamaemorus,4908008.865,5140281.466
Rubus chamaemorus,4424437.119,4517590.612
Rubus chamaemorus,4270884.99,4114884.038
Rubus chamaemorus,5114921.414000001,4224855.192
Rubus chamaemorus,4472564.259,4096283.391
Rubus chamaemorus,5017223.207,4700314.94
Rubus chamaemorus,4371089.479,4487374.944
Rubus chamaemorus,4261037.36,4468686.787
Rubus chamaemorus,5204167.884,4117810.767
Rubus chamaemorus,4291526.033,4181909.879
Rubus chamaemorus,4311991.797,4348526.105
Rubus chamaemorus,4304853.185,4244787.777
Rubus chamaemorus,4819392.974,5091622.81
Rubus chamaemorus,5191154.621,4302708.121
Rubus chamaemorus,5376336.175,4497865.505
Rubus chamaemorus,5056779.519,4669113.216
Rubus chamaemorus,5062473.74,4419143.741
Rubus chamaemorus,4309383.771,4399724.457
Rubus chamaemorus,5153139.5600000005,4498502.007
Rubus chamaemorus,4136175.315,4167241.417
Rubus chamaemorus,4643466.602,5098641.237
Rubus chamaemorus,4986579.415,5243386.887
Rubus chamaemorus,4370450.313,4223524.471
Rubus chamaemorus,4448866.176,4660807.095
Rubus chamaemorus,4747086.045,4472081.881
Rubus chamaemorus,4813121.239,5106411.289
Rubus chamaemorus,4946156.871,5320551.305
Rubus chamaemorus,4208645.434,4179332.505
Rubus chamaemorus,4429565.214,4776128.887
Rubus chamaemorus,5157458.302,4272731.384
Rubus chamaemorus,5010457.988,4683159.946
Rubus chamaemorus,5030606.605000001,4879668.647
Rubus chamaemorus,5077843.75,4214728.278
Rubus chamaemorus,4341256.2,4275952.534
Rubus chamaemorus,4965719.88,4963947.812
Rubus chamaemorus,5126932.52,4259571.373
Rubus chamaemorus,4672332.645,4531973.519
Rubus chamaemorus,5010153.589,4672787.07
Rubus chamaemorus,4679137.089,4559059.837
Rubus chamaemorus,5137727.427,4443417.18
Rubus chamaemorus,4544302.074,4907144.503
Rubus chamaemorus,5052424.115,4681403.101
Rubus chamaemorus,5060400.055,4713273.218
Rubus chamaemorus,4237597.091,4412346.265
Rubus chamaemorus,4767257.477,5161113.8719999995
Rubus chamaemorus,4358968.498,4098007.061
Rubus chamaemorus,4526706.291,4595714.469
Rubus chamaemorus,5323185.668,4616655.085
Rubus chamaemorus,4932347.450000001,4837367.174
Rubus chamaemorus,4419340.905,4309256.226
Rubus chamaemorus,4439764.295,4221768.06
Rubus chamaemorus,5117631.738,4218264.248
Rubus chamaemorus,4857898.077,5246601.57
Rubus chamaemorus,4959865.583,5278620.647
Rubus chamaemorus,4689763.287,4709263.061
Rubus chamaemorus,4709857.115,4411391.164
Rubus chamaemorus,4754050.92,4155199.776
Rubus chamaemorus,4753726.546,5221816.181
Rubus chamaemorus,4610163.629,4247071.613
Rubus chamaemorus,4325824.376,4079420.026
Rubus chamaemorus,4701696.167,4829474.622
Rubus chamaemorus,4557850.823,5136693.037
Rubus chamaemorus,4333833,3755173.8900000006
Rubus chamaemorus,5122487.169,4221372.549
Rubus chamaemorus,4273201.938,4491084.062
Rubus chamaemorus,4684804.66,4912427.921
Rubus chamaemorus,4695055.049,5049485.607
Rubus chamaemorus,5046050.299,4865056.801
Rubus chamaemorus,4985931.38,5249374.745
Rubus chamaemorus,4292289.614,4076922.931
Rubus chamaemorus,5308149.176,4683125.113
Rubus chamaemorus,4943824.975,4237827.337
Rubus chamaemorus,5033781.129,4873785.887
Rubus chamaemorus,4474316.909,4171470.5879999995
Rubus chamaemorus,4473651.119,4432819.204
Rubus chamaemorus,4533976.946,4075399.008
Rubus chamaemorus,4092958.019,4058355.4530000007
Rubus chamaemorus,5107603.932,4345892.25
Rubus chamaemorus,4119721.941,4272491.999
Rubus chamaemorus,4497483.371,4254220.388
Rubus chamaemorus,4525372.918,4974909.736
Rubus chamaemorus,4992165.53,4214563.273
Rubus chamaemorus,4513897.5,4915350.159
Rubus chamaemorus,5117953.850999999,4216203.515
Rubus chamaemorus,5160713.057,4477705.869
Rubus chamaemorus,4534749.381,5094555.881
Rubus chamaemorus,5123283.756,4217528.021
Rubus chamaemorus,4155679.874,3920019.894
Rubus chamaemorus,5202924.798,4031811.858
Rubus chamaemorus,4812205.319,5016928.175
Rubus chamaemorus,4516428.35,5024616.194
Rubus chamaemorus,4503203.1,4408470.613
Rubus chamaemorus,4408593.285,4296153.298
Rubus chamaemorus,4796013.042,5140941.422
Rubus chamaemorus,4349139.264,4373241.842
Rubus chamaemorus,4766516.172,4759455.084999999
Rubus chamaemorus,5056537.378,4654634.369
Rubus chamaemorus,4278451.306,4113447.383
Rubus chamaemorus,5119006.966,4278607.257
Rubus chamaemorus,4709322.691,5208365.707
Rubus chamaemorus,4291509.314,4312330.568
Rubus chamaemorus,4814206.239,4699048.562
Rubus chamaemorus,4241344.872,4015028.279
Rubus chamaemorus,4692360.506,4214822.483
Rubus chamaemorus,4763726.194,5129414.927
Rubus chamaemorus,5230463.805,4271643.126
Rubus chamaemorus,5013675.738,4250457.313
Rubus chamaemorus,5093108.485,4338149.863
Rubus chamaemorus,5145034.17,4222154.618
Rubus chamaemorus,4681808.231,5031583.675999999
Rubus chamaemorus,5372363.343,4619373.281
Rubus chamaemorus,4942087.118999999,4822309.299
Rubus chamaemorus,4446055.684,4279971.908
Rubus chamaemorus,5249247.953,4297457.629
Rubus chamaemorus,4333805.232,3750300.631
Rubus chamaemorus,4616753.103,4274592.615
Rubus chamaemorus,4691494.654,3888756.791
Rubus chamaemorus,5101885.749,5262459.747
Rubus chamaemorus,5140419.496,4445174.879
Rubus chamaemorus,4878297.579,4843272.172
Rubus chamaemorus,4891712.101,5226359.82
Rubus chamaemorus,5156663.142,4225038.56
Rubus chamaemorus,5304264.237,4554896.016
Rubus chamaemorus,4086153.0510000004,4327352.142
Rubus chamaemorus,4591153.343,4411288.291
Rubus chamaemorus,4545335.24,4061585.529
Rubus chamaemorus,5004415.349,5198683.248
Rubus chamaemorus,4981396.608000001,5270009.051
Rubus chamaemorus,4913288.692999999,5042149.262
Rubus chamaemorus,5079377.662,4232640.37
Rubus chamaemorus,4533731.401,4582512.051
Rubus chamaemorus,4553882.198,4189096.5279999995
Rubus chamaemorus,4425444.37,4245619.017
Rubus chamaemorus,4639966.914,4675505.401
Rubus chamaemorus,4287941.978,4424849.7
Rubus chamaemorus,4815150.93,4957669.02
Rubus chamaemorus,4539847.016,5086221.805
Rubus chamaemorus,4418603.204,3961644.71
Rubus chamaemorus,4662972.389,4685336.68
Rubus chamaemorus,5077289.129,4272333.487
Rubus chamaemorus,4465553.501,3657419.095
Rubus chamaemorus,4705089.491,4620561.739
Rubus chamaemorus,4073846.962,4317586.524
Rubus chamaemorus,5013216.684,4909898.549
Rubus chamaemorus,4247614.155,4151407.873
Rubus chamaemorus,5256117.274,4094188.607
Rubus chamaemorus,4863973.639,5247699.713
Rubus chamaemorus,4991404.978,4851546.048
Rubus chamaemorus,4213859.217,4471999.605
Rubus chamaemorus,4787054.774,4745551.402
Rubus chamaemorus,4674776.95,5190255.173
Rubus chamaemorus,4901903.005,5291417.998
Rubus chamaemorus,4537949.023,4516514.543
Rubus chamaemorus,5066874.04,4244987.255
Rubus chamaemorus,5132629.282,4208843.94
Rubus chamaemorus,4575076.614,4385562.344
Rubus chamaemorus,4846778.967,4685622.56
Rubus chamaemorus,4795102.406,4169987.389999999
Rubus chamaemorus,4780210.279,5145017.667000001
Rubus chamaemorus,5094256.523,4465296.368
Rubus chamaemorus,4235232.567,4160878.04
Rubus chamaemorus,4415164.476,4597937.23
Rubus chamaemorus,4180204.072,3920852.586
Rubus chamaemorus,4385847.142,4577427.133
Rubus chamaemorus,4713403.339,4711016.18
Rubus chamaemorus,4999689.164,4426284.653
Rubus chamaemorus,5187085.694,4926238.121
Rubus chamaemorus,5012143.3379999995,4814299.846
Rubus chamaemorus,5131752.06,4087079.105
Rubus chamaemorus,4990789.713,4216258.262
Rubus chamaemorus,4230237.514,4429081.848
Rubus chamaemorus,4685609.038,4738895.183
Rubus chamaemorus,5229530.393,4685459.238
Rubus chamaemorus,5307018.079,4668345.413
Rubus chamaemorus,4146708.8,3985182.0570000005
Rubus chamaemorus,4116990.0520000006,3921143.517
Rubus chamaemorus,4163249.708,4011433.05
Rubus chamaemorus,4971151.665000001,5056775.724
Rubus chamaemorus,5303659.496,3988071.298
Rubus chamaemorus,5219264.879,4357122.112
Rubus chamaemorus,5024123.542,4682498.141
Rubus chamaemorus,4366612.729,4251715.369
Rubus chamaemorus,4753500.397,4155508.002
Rubus chamaemorus,4202176.614,4418093.359
Rubus chamaemorus,5181018.164,4303116.121
Rubus chamaemorus,4505193.352,5064244.031
Rubus chamaemorus,4674520.288,4663235.132
Rubus chamaemorus,4540168.372,4526702.824
Rubus chamaemorus,5087634.207,4232636.171
Rubus chamaemorus,4546696.951,4278624.12
Rubus chamaemorus,4614410.727,4304457.072
Rubus chamaemorus,4768752.43,5133810.18
Rubus chamaemorus,4348120.864,4544283.153
Rubus chamaemorus,5141508.328,4211373.379
Rubus chamaemorus,5012994.074,4677624.342
Rubus chamaemorus,4875448.742,5171178.656
Rubus chamaemorus,4884302.772,5167907.767
Rubus chamaemorus,4449810.951,4564716.986
Rubus chamaemorus,4949720.542,5392230.133999999
Rubus chamaemorus,5141179.167,4406717.977
Rubus chamaemorus,4453483.792,4132171.967
Rubus chamaemorus,4446141.854,4186494.676
Rubus chamaemorus,4422933.288,4534437.048
Rubus chamaemorus,4774179.008,4145310.53
Rubus chamaemorus,4335926.642,3758364.7390000005
Rubus chamaemorus,4854147.614000001,5075080.372
Rubus chamaemorus,4865592.279,5165630.839
Rubus chamaemorus,4315662.801,4460458.368
Rubus chamaemorus,4322436.52,4080868.214
Rubus chamaemorus,4186956.4090000005,4437706.042
Rubus chamaemorus,4572292.483,3985117.621
Rubus chamaemorus,4760546.917,5232992.986
Rubus chamaemorus,4510758.329,4802312.957
Rubus chamaemorus,4165542.413,3981957.4389999993
Rubus chamaemorus,4387026.682,4392171.501
Rubus chamaemorus,5249026.472,4043399.717
Rubus chamaemorus,4764816.208,4716341.076
Rubus chamaemorus,4170907.423999999,4053470.818
Rubus chamaemorus,5011874.974,5312225.861
Rubus chamaemorus,4151239.2710000006,4314385.472
Rubus chamaemorus,4320793.285,4231679.416
Rubus chamaemorus,4880126.983,5195877.544
Rubus chamaemorus,4578404.817,4276071.79
Rubus chamaemorus,4841254.673,4990072.407
Rubus chamaemorus,4770247.925,5150615.042
Rubus chamaemorus,4492597.407,5028684.788
Rubus chamaemorus,4766011.741,5161812.881
Rubus chamaemorus,4200160.09,4428016.667
Rubus chamaemorus,4364425.869,4113245.562
Rubus chamaemorus,5058341.189,4252697.845
Rubus chamaemorus,5146972.296,4222635.431
Rubus chamaemorus,4625913.225,3997970.528
Rubus chamaemorus,4975367.924,5268218.951
Rubus chamaemorus,4352675.139,4155831.233
Rubus chamaemorus,4566374.335,4173991.526
Rubus chamaemorus,5070859.774,5274315.589000001
Rubus chamaemorus,4380853.969,4332388.552
Rubus chamaemorus,4456083.922,4133729.635
Rubus chamaemorus,5004863.32,4822595.126
Rubus chamaemorus,4772215.758000001,5132665.868
Rubus chamaemorus,4620612.136,4234693.076
Rubus chamaemorus,4419242.887,4509716.689
Rubus chamaemorus,4215433.859,4435312.574
Rubus chamaemorus,4502061.427,4203870.131
Rubus chamaemorus,4527180.936,4260575.602
Rubus chamaemorus,4331355.005,3753934.709
Rubus chamaemorus,5355812.754,4599195.505
Rubus chamaemorus,4798090.662,5016174.424000001
Rubus chamaemorus,5022728.824999999,4664641.356
Rubus chamaemorus,4325135.751,4060468.341
Rubus chamaemorus,4605402.821,5033625.654
Rubus chamaemorus,5205269.302,4625201.464
Rubus chamaemorus,4509796.706,4890497.939
Rubus chamaemorus,5270523.494,3957319.035
Rubus chamaemorus,4671805.553,5191311.136
Rubus chamaemorus,4870842.952,5041807.7299999995
Rubus chamaemorus,5086725.895,4637087.461
Rubus chamaemorus,4944858.99,4843434.102
Rubus chamaemorus,4329328.771,4289732.457
Rubus chamaemorus,4809590.814,5017841.035
Rubus chamaemorus,4719326.05,4622293.163
Rubus chamaemorus,4122978.451,4177041.315
Rubus chamaemorus,5094823.798,5065451.888
Rubus chamaemorus,4865504.455,5118404.387
Rubus chamaemorus,5182960.166,3968849.96
Rubus chamaemorus,4203813.655,3996710.8179999995
Rubus chamaemorus,5167833.533,4925534.942
Rubus chamaemorus,4772436.492,4776121.447
Rubus chamaemorus,4876680.473,5131883.817
Rubus chamaemorus,5102783.831,4297254.727
Rubus chamaemorus,4435784.744,4308259.976
Rubus chamaemorus,4115510.038,4194033.612
Rubus chamaemorus,4436489.683,4090916.07
Rubus chamaemorus,5009683.272,4993577.789
Rubus chamaemorus,4716032.601,4801496.375
Rubus chamaemorus,4469430.601,5004806.1219999995
Rubus chamaemorus,4396567.95,4592073.804
Rubus chamaemorus,4798249.386,5103560.691000001
Rubus chamaemorus,5130310.308,4773029.636
Rubus chamaemorus,4517490.06,5028129.789
Rubus chamaemorus,5036131.307,4917934.852
Rubus chamaemorus,4319003.517,4551001.968
Rubus chamaemorus,4338060.386,4345135.742
Rubus chamaemorus,4953331.565999999,5042726.807
Rubus chamaemorus,4655406.616,4497323.555
Rubus chamaemorus,4663081.633,5210065.145
Rubus chamaemorus,5129184.634,4827538.306
Rubus chamaemorus,4143760.064,4141585.507
Rubus chamaemorus,5224353.088,4673875.864
Rubus chamaemorus,4600630.466,4672668.228
Rubus chamaemorus,4513086.173,4199413.767
Rubus chamaemorus,5219907.23,4624759.456
Rubus chamaemorus,4339051.173,4280779.466
Rubus chamaemorus,5151364.072,4485688.405
Rubus chamaemorus,4834725.83,4563276.334
Rubus chamaemorus,5117519.362,4605042.53
Rubus chamaemorus,4474207.701,4281802.423
Rubus chamaemorus,4663120.357,4547503.058
Rubus chamaemorus,4218729.356,4410747.543
Rubus chamaemorus,5252385.596,4082184.157
Rubus chamaemorus,4993126.978999999,4860910.479000001
Rubus chamaemorus,4375185.603,4119562.805
Rubus chamaemorus,5015645.971,4679324.873
Rubus chamaemorus,4390390.591,4446929.899
Rubus chamaemorus,5017153.258,4826372.023
Rubus chamaemorus,4624191.293,3854939.223
Rubus chamaemorus,4913336.822000001,4856972.034
Rubus chamaemorus,4456541.522,4489895.165
Rubus chamaemorus,4232935.797,4178521.026
Rubus chamaemorus,4817900.194,5187544.341
Rubus chamaemorus,4200021.365,4104595.8569999994
Rubus chamaemorus,4787231.707,5157112.295999999
Rubus chamaemorus,5093977.915,5290090.654
Rubus chamaemorus,4614455.228,5100586.095
Rubus chamaemorus,5119262.038,4450034.14
Rubus chamaemorus,4200354.724,4266791.136
Rubus chamaemorus,4846581.927,4781375.311
Rubus chamaemorus,4725855.189,4527103.806
Rubus chamaemorus,4778678.642,5186822.04
Rubus chamaemorus,5284410.651,4352555.067
Rubus chamaemorus,5100968.686,5261842.891
Rubus chamaemorus,4914297.262,5196913.512999999
Rubus chamaemorus,4672852.38,4087546.778
Rubus chamaemorus,4700182.84,4590216.136
Rubus chamaemorus,4733781.795999999,4622367.134
Rubus chamaemorus,5047056.543,4608987.647
Rubus chamaemorus,4574718.826,4620120.848
Rubus chamaemorus,4126094.699,4230873.087
Rubus chamaemorus,4475829.869,4698906.308
Rubus chamaemorus,5179734.841,4924597.643
Rubus chamaemorus,4446740.851,4043213.488
Rubus chamaemorus,5257952.025,4092002.639
Rubus chamaemorus,4541434.598,4631457.716
Rubus chamaemorus,4504390.688,4590611.106
Rubus chamaemorus,4403881.51,4497844.896
Rubus chamaemorus,5154348.812,4070224.0970000005
Rubus chamaemorus,4311486.248,4401005.317
Rubus chamaemorus,4556544.916,4489099.057
Rubus chamaemorus,5255149.471,4302524.123
Rubus chamaemorus,4222146.827,4052775.831
Rubus chamaemorus,4945817.283000001,5077862.981000001
Rubus chamaemorus,4451346.015,4703051.357
Rubus chamaemorus,4436410.414,4388102.149
Rubus chamaemorus,4534276.89,4077295.252
Rubus chamaemorus,4733040.062,4996962.754
Rubus chamaemorus,5250369.414,4611270.817
Rubus chamaemorus,4159970.096,4012977.161
Rubus chamaemorus,4230459.522,4254476.622
Rubus chamaemorus,5247443.764,4076892.897
Rubus chamaemorus,5117590.012,4294654.932
Rubus chamaemorus,4869425.592,5154234.098
Rubus chamaemorus,4829980.053,4725409.81
Rubus chamaemorus,5135657.846,4212489.195
Rubus chamaemorus,5149491.668,5008097.794
Rubus chamaemorus,4361952.503,4597705.197
Rubus chamaemorus,4443945.841,4264109.102
Rubus chamaemorus,5367952.891,4571018.389
Rubus chamaemorus,4725844.022999999,4528553.225
Rubus chamaemorus,4919755.091,4239959.745
Rubus chamaemorus,5206746.765,4118973.819
Rubus chamaemorus,4690159.629,4873436.093
Rubus chamaemorus,4418643.042,4584818.944
Rubus chamaemorus,4299672.63,4251855.256
Rubus chamaemorus,4494675.103,4518420.373
Rubus chamaemorus,4735668.446,5229045.604
Rubus chamaemorus,4475585.765,3658961.73
Rubus chamaemorus,4106557.894,4322457.203
Rubus chamaemorus,4791192.435,5146863.505
Rubus chamaemorus,4751143.92,4550614.848
Rubus chamaemorus,4935174.605,5339605.576
Rubus chamaemorus,4795310.618,5139732.067
Rubus chamaemorus,4429805.257,4370318.395
Rubus chamaemorus,4321625.243,4080281.667
Rubus chamaemorus,4529298.212,4231335.943
Rubus chamaemorus,4651434.388,5046010.086
Rubus chamaemorus,4138450.724,4119482.513
Rubus chamaemorus,4405187.748,4476809.377
Rubus chamaemorus,4924151.838,5006547.888
Rubus chamaemorus,5082881.014,4318066.869
Rubus chamaemorus,4237911.649,4433253.395
Rubus chamaemorus,5232493.349,4606804.496
Rubus chamaemorus,4193334.084,4431574.837
Rubus chamaemorus,4794534.7190000005,4822214.702
Rubus chamaemorus,4873578.15,5322102.79
Rubus chamaemorus,4244958.746,4191136.02
Rubus chamaemorus,5200388.679999999,3998873.769
Rubus chamaemorus,4122584.663,4178241.896
Rubus chamaemorus,4691117.273,4026325.029
Rubus chamaemorus,4782545.406,4585313.671
Rubus chamaemorus,4437116.657,4565763.418
Rubus chamaemorus,5069903.518,4198533.9
Rubus chamaemorus,4865114.942,5066524.396
Rubus chamaemorus,4535077.206,4281883.381
Rubus chamaemorus,4425715.502,4293701.879
Rubus chamaemorus,4898770.081,5143119.736
Rubus chamaemorus,4538163.19,3725786.392
Rubus chamaemorus,4982589.012,5049417.819
Rubus chamaemorus,4324678.744,4083229.547
Rubus chamaemorus,4743805.845,4498212.952
Rubus chamaemorus,4466447.003,4476579.685
Rubus chamaemorus,4873329.161,5052912.51
Rubus chamaemorus,4430896.872,4592461.597
Rubus chamaemorus,4157139.997,4414120.62
Rubus chamaemorus,4378694.81,4479373.537
Rubus chamaemorus,5273976.123,4301484.838
Rubus chamaemorus,5123888.798,4242140.858
Rubus chamaemorus,4511746.164,4219266.474
Rubus chamaemorus,4964050.168,4589516.034
Rubus chamaemorus,4994322.032,4214461.982
Rubus chamaemorus,4498627.518,4302643.179
Rubus chamaemorus,5127646.731,4563264.634
Rubus chamaemorus,4903584.875,4985031.594
Rubus chamaemorus,4435538.623,4142644.009
Rubus chamaemorus,4572121.04,4459852.722
Rubus chamaemorus,4332793.629,4198878.427
Rubus chamaemorus,5168943.308,4299700.828
Rubus chamaemorus,4340707.217,4095159.732
Rubus chamaemorus,4773141.778,5125727.044
Rubus chamaemorus,4301734.914,4417005.321
Rubus chamaemorus,4561579.763,3856015.087
Rubus chamaemorus,4446593.674,4784390.809
Rubus chamaemorus,4453709.315,4590099.479
Rubus chamaemorus,4853306.902,5281759.451
Rubus chamaemorus,4988570.088,4410461.98
Rubus chamaemorus,4446655.086,4700548.307
Rubus chamaemorus,5100148.33,4338876.119
Rubus chamaemorus,5358767.308,4609563.531
Rubus chamaemorus,4286255.002,4308052.969
Rubus chamaemorus,5002965.529999999,4915856.345
Rubus chamaemorus,5012283.949,4676415.043
Rubus chamaemorus,4559605.018,4358309.575
Rubus chamaemorus,4433385.7,4309245.719
Rubus chamaemorus,5179843.004,4925744.823
Rubus chamaemorus,4531909.299,3795246.264
Rubus chamaemorus,4965452.693,4312815.637
Rubus chamaemorus,5097493.897,4337182.439
Rubus chamaemorus,5122314.666999999,4217287.287
Rubus chamaemorus,4664782.418,4547733.487
Rubus chamaemorus,5034558.068,4548954.833
Rubus chamaemorus,5002079.848,4240110.466
Rubus chamaemorus,4334614.872,4498362.933
Rubus chamaemorus,4204088.043,4031464.413
Rubus chamaemorus,4454369.125,4137525.006
Rubus chamaemorus,5106262.64,4608406.776
Rubus chamaemorus,4757790.705,4655049.19
Rubus chamaemorus,4634304.142,3959104.342
Rubus chamaemorus,4912843.594,4931077.183
Rubus chamaemorus,4182737.828,3922817.573
Rubus chamaemorus,4537516.035,3741772.953
Rubus chamaemorus,5107695.62,4337665.667
Rubus chamaemorus,5170754.262,4929001.63
Rubus chamaemorus,4787138.149,5142726.264
Rubus chamaemorus,4122615.362,4072574.282
Rubus chamaemorus,4302055.287,4417030.138
Rubus chamaemorus,4438537.947,4772958.798
Rubus chamaemorus,4976632.018,4861290.086
Rubus chamaemorus,5097240.021,4338150.204
Rubus chamaemorus,4268380.939,4117930.48
Rubus chamaemorus,4841938.306999999,5121161.362
Rubus chamaemorus,4798519.976,5102605.057
Rubus chamaemorus,4149786.482,3995442.696
Rubus chamaemorus,4332639.694,4092289.502
Rubus chamaemorus,4507659.771,4144425.326
Rubus chamaemorus,5023224.613,4678152.446
Rubus chamaemorus,4540208.697,4443444.167
Rubus chamaemorus,4377781.608,4587778.568
Rubus chamaemorus,4894273.746,5353947.375
Rubus chamaemorus,4291873.247,4260931.415
Rubus chamaemorus,4375229.857,4092978.332
Rubus chamaemorus,4083739.31,4136286.994
Rubus chamaemorus,5188796.370000001,4023823.737
Rubus chamaemorus,4124441.6430000006,4053187.312
Rubus chamaemorus,4740309.901,4745347.825
Rubus chamaemorus,4456051.791,4319694.583
Rubus chamaemorus,4499104.634,4602190.87
Rubus chamaemorus,4705812.596,4844023.338
Rubus chamaemorus,5030846.512,4646096.834
Rubus chamaemorus,4547249.076,4353876.297
Rubus chamaemorus,5053173.426,5140431.593
Rubus chamaemorus,4437775.654,4582008.655
Rubus chamaemorus,4785057.88,5164749.757
Rubus chamaemorus,5240321.571000001,4042049.672
Rubus chamaemorus,5116417.358,4222128.722
Rubus chamaemorus,5070190.912,4228286.694
Rubus chamaemorus,4927041.846999999,5003189.798
Rubus chamaemorus,5124414.411000001,4265673.425
Rubus chamaemorus,4493418.63,4338503.505
Rubus chamaemorus,4332011.719,3749454.832
Rubus chamaemorus,4926267.043,5003552.558
Rubus chamaemorus,5171687.812,4306136.836
Rubus chamaemorus,5072245.466,4898403.931
Rubus chamaemorus,4766917.888,5129225.837
Rubus chamaemorus,4452899.874,4163581
Rubus chamaemorus,4654174.139,3864321.394
Rubus chamaemorus,4413393.18,4467360.628
Rubus chamaemorus,4361942.759,4415645.584
Rubus chamaemorus,4376023.885,4294885.934
Rubus chamaemorus,4273257.564,4377986.529
Rubus chamaemorus,4357976.448,4280907.329
Rubus chamaemorus,4879139.171,5307111.286
Rubus chamaemorus,4521112.669,4838480.643
Rubus chamaemorus,4886795.7,5087074.35
Rubus chamaemorus,5211823.094,4755227.943
Rubus chamaemorus,5122502.405,5300406.41
Rubus chamaemorus,4759854.147,5154043.399
Rubus chamaemorus,4673506.501,5189284.713
Rubus chamaemorus,4938402.766999999,5203443.086
Rubus chamaemorus,4601704.175,5035530.971
Rubus chamaemorus,4374917.677,4230855.499
Rubus chamaemorus,4882930.644,5312613.501
Rubus chamaemorus,5154794.802,4554578.391
Rubus chamaemorus,5186471.801,4079049.232
Rubus chamaemorus,4731865.564,4997177.363
Rubus chamaemorus,4262267.637,4158267.919
Rubus chamaemorus,5132368.048,4487138.566
Rubus chamaemorus,5082963.077,4238690.246
Rubus chamaemorus,4468795.519,5012517.12
Rubus chamaemorus,4463352.562,4196340.354
Rubus chamaemorus,4633526.883,5185733.174
Rubus chamaemorus,5039942.742,4194450.341
Rubus chamaemorus,5123840.779,4573649.545
Rubus chamaemorus,4123720.8550000004,4177428.474
Rubus chamaemorus,5101073.084,4459230.292
Rubus chamaemorus,4530914.969,4116390.767
Rubus chamaemorus,4269132.888,4046776.086
Rubus chamaemorus,4149639.253,4267551.442
Rubus chamaemorus,4198224.525,4150388.587
Rubus chamaemorus,5150909.249,4902076.032
Rubus chamaemorus,5139511.122,4049248.327
Rubus chamaemorus,4266222.745,4111225.505
Rubus chamaemorus,4257695.96,4412070.21
Rubus chamaemorus,4249024.686,4370357.423
Rubus chamaemorus,4515730.912,4449776.399
Rubus chamaemorus,4212785.673,3998857.51
Rubus chamaemorus,5018191.759,4792165.834
Rubus chamaemorus,5077865.561,4238450.166
Rubus chamaemorus,4262804.332,4191231.799
Rubus chamaemorus,4339443.061,4463043.196
Rubus chamaemorus,4826907.826,5245525.239
Rubus chamaemorus,4220888.783,4159721.878
Rubus chamaemorus,5014747.235,4674979.103
Rubus chamaemorus,4413722.176,4234433.868
Rubus chamaemorus,4206095.226,4396438.351
Rubus chamaemorus,5232574.269,4074638.404
Rubus chamaemorus,5160758.215,4395222.836
Rubus chamaemorus,4827202.814,5062814.817000001
Rubus chamaemorus,5150238.262,4901247.874
Rubus chamaemorus,5081198.228,4245468.313
Rubus chamaemorus,4907934.357999999,5140197.800999999
Rubus chamaemorus,4333902.595,3754036.041
Rubus chamaemorus,4485701.82,4607846.567
Rubus chamaemorus,4277513.949,4417614.003
Rubus chamaemorus,5143833.28,4982150.825
Rubus chamaemorus,4334962.546,3752222.8539999994
Rubus chamaemorus,4349077.781,4372997.592
Rubus chamaemorus,4997894.87,4488935.138
Rubus chamaemorus,4392830.123,4093338.413
Rubus chamaemorus,4531486.471,4218799.027
Rubus chamaemorus,4163499.201,4185381.531
Rubus chamaemorus,4163818.1079999995,4244009.365
Rubus chamaemorus,4429984.139,4127553.325
Rubus chamaemorus,4894019.867,4948687.683
Rubus chamaemorus,4131370.521,4392985.063
Rubus chamaemorus,5090226.934,4214719.864
Rubus chamaemorus,4514988.349,4180144.599
Rubus chamaemorus,5017152.406,4458273.194
Rubus chamaemorus,4581096.951,5057489.386
Rubus chamaemorus,5055315.236,4927617.816
Rubus chamaemorus,4247464.35,4355894.263
Rubus chamaemorus,4767529.409,5160159.475000001
Rubus chamaemorus,4579083.485,5093529.541000001
Rubus chamaemorus,4402424.278,4645057.895
Rubus chamaemorus,4999420.710999999,5330239.441
Rubus chamaemorus,4973569.799,4826107.116
Rubus chamaemorus,5047876.718,4332002.467
Rubus chamaemorus,4942969.207,4390058.448
Rubus chamaemorus,4365986.928,4457131.995
Rubus chamaemorus,4517494.327,4264869.733
Rubus chamaemorus,4492664.585,5010743.711
Rubus chamaemorus,4148191.598,3982113.361
Rubus chamaemorus,4949723.147,4231072.335
Rubus chamaemorus,4521249.622,4224478.542
Rubus chamaemorus,4834791.012,4974269.745
Rubus chamaemorus,4758824.917,4923819.677
Rubus chamaemorus,5152127.578,4384826.293
Rubus chamaemorus,4307092.965,3790776.503
Rubus chamaemorus,4520613.235,5060226.523
Rubus chamaemorus,5114036.428,4289745.895
Rubus chamaemorus,4552397.994,4082870.628
Rubus chamaemorus,5061297.376,5267402.305
Rubus chamaemorus,4684649.065,5049514.994000001
Rubus chamaemorus,5183359.696,4395679.178
Rubus chamaemorus,5196950.252,4130352.312
Rubus chamaemorus,5171435.164,4307105.72
Rubus chamaemorus,4826099.682000001,5097472.39
Rubus chamaemorus,4293176.993,4210279.137
Rubus chamaemorus,4629514.267,4379456.351
Rubus chamaemorus,4670741.727,4238135.406
Rubus chamaemorus,5182464.381,4908562.594
Rubus chamaemorus,4306970.72,4415495.285
Rubus chamaemorus,4952875.808,5273761.425
Rubus chamaemorus,4414807.488,4560619.05
Rubus chamaemorus,4505520.28,4059766.216
Rubus chamaemorus,4495350.73,3864790.296
Rubus chamaemorus,4654853.319,4601388.974
Rubus chamaemorus,4506752.994,4153573.621
Rubus chamaemorus,4196032.245,4408039.447
Rubus chamaemorus,4554465.571,4309488.514
Rubus chamaemorus,4129894.583,4253404.319
Rubus chamaemorus,4487412.393,3806931.949
Rubus chamaemorus,4334660.372,4093256.63
Rubus chamaemorus,4622026.11,4339140.306
Rubus chamaemorus,4386444.311,4292539.659
Rubus chamaemorus,4139215.257,4410494.392
Rubus chamaemorus,4411126.472,4557565.944
Rubus chamaemorus,5252767.87,4629069.124
Rubus chamaemorus,4870008.819,5360525.515
Rubus chamaemorus,4768477.579,4729750.846000001
Rubus chamaemorus,4511398.468,5026210.419
Rubus chamaemorus,5044585.476,4239418.18
Rubus chamaemorus,5010081.365,4676887.234
Rubus chamaemorus,4505144.675,5063843.312
Rubus chamaemorus,4776674.488,4116233.919
Rubus chamaemorus,5172050.074,4327035.966
Rubus chamaemorus,4460144.284,4043760.868
Rubus chamaemorus,4838705.801,4954381.564
Rubus chamaemorus,5076521.621,4480526.734
Rubus chamaemorus,4538455.804,4367651.869
Rubus chamaemorus,5022122.058,5172499.483000001
Rubus chamaemorus,4229925.632,4003072.765
Rubus chamaemorus,5039457.952,4190532.662
Rubus chamaemorus,5057976.203,4734973.673
Rubus chamaemorus,4539907.212,5046137.2
Rubus chamaemorus,4184504.872,4046108.8700000006
Rubus chamaemorus,4814696.838,5151599.881
Rubus chamaemorus,5126638.449,4659864.696
Rubus chamaemorus,4486943.568,4267884.239
Rubus chamaemorus,4602955.708,5026185.011
Rubus chamaemorus,5204996.597,4022718.201
Rubus chamaemorus,4357599.314,4182184.399
Rubus chamaemorus,4784084.007000001,5164494.921
Rubus chamaemorus,5012587.965,4686787.665
Rubus chamaemorus,4599320.164,4253028.584
Rubus chamaemorus,4637803.7,5182636.621
Rubus chamaemorus,4390304.228,4447003.212
Rubus chamaemorus,5108289.302,5370572.059
Rubus chamaemorus,4470065.801,4347251.87
Rubus chamaemorus,4468535.044,4482111.887
Rubus chamaemorus,4261498.809,4241770.821
Rubus chamaemorus,5021969.997,4652092.89
Rubus chamaemorus,4697296.901,5225360.929999999
Rubus chamaemorus,5143915.1,4478677.71
Rubus chamaemorus,4259010.189,4264644.551
Rubus chamaemorus,5118114.571,4294733.481
Rubus chamaemorus,5215525.743,4105106.271
Rubus chamaemorus,4384020.518,4139371.854
Rubus chamaemorus,5212352.392999999,4614231.285
Rubus chamaemorus,4599629.741,4671748.14
Rubus chamaemorus,4291427.715,4182142.243
Rubus chamaemorus,4676764.693,4633719.749
Rubus chamaemorus,4998383.065,4805941.315
Rubus chamaemorus,4435587.148,4037212.177
Rubus chamaemorus,5149966.036,4792350.796
Rubus chamaemorus,4173903.3720000004,3970867.011
Rubus chamaemorus,4588431.972,4434151.096
Rubus chamaemorus,4455489.713,4247517.944
Rubus chamaemorus,4853778.445,5094930.403
Rubus chamaemorus,4907070.242,4900174.497
Rubus chamaemorus,4466417.202,4555717.398
Rubus chamaemorus,4423429.989,4745707.871
Rubus chamaemorus,4293957.294,4351784.285
Rubus chamaemorus,4414103.185,4292706.723
Rubus chamaemorus,5202317.191,4138730.999
Rubus chamaemorus,4414137.056,4537266.412
Rubus chamaemorus,4998285.578,4426351.389
Rubus chamaemorus,4598758.856,5030021.367
Rubus chamaemorus,4108227.873,4373845.934
Rubus chamaemorus,5026092.61,4243037.281
Rubus chamaemorus,4161775.538,4139443.769
Rubus chamaemorus,4077447.777,4222888.045
Rubus chamaemorus,5155686.823,4303042.36
Rubus chamaemorus,5193250.71,3985927.309
Rubus chamaemorus,5168177.403,4886393.954
Rubus chamaemorus,4292025.479,4384498.808
Rubus chamaemorus,4501507.751,4409233.09
Rubus chamaemorus,4290410.377,4333294.277
Rubus chamaemorus,4975441.009,5112293.555
Rubus chamaemorus,5048416.104,4742167.442999999
Rubus chamaemorus,5186422.213,4591042.51
Rubus chamaemorus,5035343.526,5025234.132
Rubus chamaemorus,4333889.92,4496232.363
Rubus chamaemorus,4372008.377,4077336.969
Rubus chamaemorus,5241833.824,4283267.262
Rubus chamaemorus,4546392.503,4502374.652
Rubus chamaemorus,5044853.752,4141032.401
Rubus chamaemorus,4773801.865,5163854.754
Rubus chamaemorus,4579194.845,4574172.626
Rubus chamaemorus,4451768.068,4387835.443
Rubus chamaemorus,5039393.488,4843829.623
Rubus chamaemorus,4306976.633,3790625.816
Rubus chamaemorus,4261591.006,4103307.9519999996
Rubus chamaemorus,4421320.04,4316654.184
Rubus chamaemorus,4625950.472,4599184.08
Rubus chamaemorus,4528639.596,4446768.042
Rubus chamaemorus,4474614.156,4291715.518
Rubus chamaemorus,4483404.006,4731992.517
Rubus chamaemorus,4430401.919,4618924.803
Rubus chamaemorus,4613920.724,4422243.25
Rubus chamaemorus,5101258.68,5372392.83
Rubus chamaemorus,5136312.473,4219990.134
Rubus chamaemorus,5173766.605,4488610.751
Rubus chamaemorus,4536717.496,4421419.835
Rubus chamaemorus,5060635.415,4779717.61
Rubus chamaemorus,5150669.071,5051676.048
Rubus chamaemorus,4198579.832,4406677.427
Rubus chamaemorus,4660970.575,4452148.762
Rubus chamaemorus,4761934.105,4596177.574
Rubus chamaemorus,4766617.603,4038560.735
Rubus chamaemorus,4415067.696,4341269.007
Rubus chamaemorus,5011175.073,5395504.42
Rubus chamaemorus,5002009.457,4664547.488
Rubus chamaemorus,5180258.451,4925818.237
Rubus chamaemorus,5221960.476,3992155.286
Rubus chamaemorus,4740581.945,4554572.389
Rubus chamaemorus,5097701.769,4340327.765
Rubus chamaemorus,4673916.205,5191320.857
Rubus chamaemorus,4741554.151,5219698.046
Rubus chamaemorus,4442831.115,4461778.981
Rubus chamaemorus,4461100.946,4620063.766
Rubus chamaemorus,4522859.421,4491189.097
Rubus chamaemorus,5348995.897,4445414.116
Rubus chamaemorus,5081151.653,5292611.953000001
Rubus chamaemorus,5013301.244,4431000.305
Rubus chamaemorus,4925648.968,5014325.97
Rubus chamaemorus,4423573.795,4072877.185
Rubus chamaemorus,4132193.892,4238494.274
Rubus chamaemorus,4784995.950999999,5276513.943
Rubus chamaemorus,4613311.319,4313562.732
Rubus chamaemorus,4294407.804,4124911.083
Rubus chamaemorus,4588433.559,4400782.342
Rubus chamaemorus,5228800.144,4882849.8
Rubus chamaemorus,4508764.113,4892470.148
Rubus chamaemorus,5012190.869,5002309.792
Rubus chamaemorus,4465787.783,4841546.174
Rubus chamaemorus,4905247.281,5052160.422
Rubus chamaemorus,4458054.846,4570237.822
Rubus chamaemorus,4771178.471999999,5014722.749
Rubus chamaemorus,5023035.767,4675015.678
Rubus chamaemorus,4117304.7269999995,4271300.039
Rubus chamaemorus,5288592.542,4692820.518
Rubus chamaemorus,4466693.904,4674064.965
Rubus chamaemorus,4465111.697,4284632.958
Rubus chamaemorus,4504878.332,4503453.444
Rubus chamaemorus,5102380.498,4607434.254
Rubus chamaemorus,4558030.869,4043842.7329999995
Rubus chamaemorus,4430299.68,4317394.075
Rubus chamaemorus,4153741.084,3927182.325
Rubus chamaemorus,5320170.562,4537187.341
Rubus chamaemorus,4501924.708,4734193.659
Rubus chamaemorus,4523942.179,4196401.403
Rubus chamaemorus,4472974.876,3850371.796
Rubus chamaemorus,4178217.377,4063364.32
Rubus chamaemorus,4651516.453,4446756.857
Rubus chamaemorus,5353486.86,4599916.087
Rubus chamaemorus,4729737.75,4126036.098
Rubus chamaemorus,4605034.653,5157034.956
Rubus chamaemorus,4208197.675,4018198.18
Rubus chamaemorus,4815411.452,5063119.756
Rubus chamaemorus,4186652.973,4372980.581
Rubus chamaemorus,4354101.575,4469358.895
Rubus chamaemorus,4671354.756,4767614.063
Rubus chamaemorus,4170592.022,4149336.292
Rubus chamaemorus,5214414.7,4150647.338
Rubus chamaemorus,4326194.875,4080010.3690000004
Rubus chamaemorus,5054264.276,4331165.569
Rubus chamaemorus,4527377.812,4604901.056
Rubus chamaemorus,4894523.463999999,5036116.805000001
Rubus chamaemorus,4682000.34,5050138.723000001
Rubus chamaemorus,4218918.489,4065969.14
Rubus chamaemorus,5142644.906,4689736.927
Rubus chamaemorus,5002444.342,4823157.857000001
Rubus chamaemorus,4586715.007,4110741.668
Rubus chamaemorus,4299679.258,4192716.627
Rubus chamaemorus,4976500.273000001,4474622.278
Rubus chamaemorus,4685128.406,5140152.48
Rubus chamaemorus,5083119.774,4789915.552
Rubus chamaemorus,4449498.026,4978813.528
Rubus chamaemorus,4537571.481,3800844.299
Rubus chamaemorus,4583814.888,3794134.629
Rubus chamaemorus,4170509.749,4169113.3810000005
Rubus chamaemorus,4602026.67,5035553.633
Rubus chamaemorus,5152859.309,4226114.404
Rubus chamaemorus,4220208.852,4396512.201
Rubus chamaemorus,4411511.818,4525756.49
Rubus chamaemorus,4458364.895,4025329.632
Rubus chamaemorus,4421445.571,4315197.565
Rubus chamaemorus,4841876.002,5120919.674
Rubus chamaemorus,4888010.412,5002117.604
Rubus chamaemorus,4908822.281,5052119.251
Rubus chamaemorus,5050294.703,4329066.42
Rubus chamaemorus,5195659.488,3975028.526
Rubus chamaemorus,4274705.013,4163993.029
Rubus chamaemorus,5105665.037,4345408.457
Rubus chamaemorus,5183400.657,4249201.524
Rubus chamaemorus,4813826.077,5200839.532
Rubus chamaemorus,4570754.081,4429688.811
Rubus chamaemorus,5022485.773,4692380.079
Rubus chamaemorus,5082645.237,4592182.659
Rubus chamaemorus,5147007.893,4502128.894
Rubus chamaemorus,5012202.515,4798880.919000001
Rubus chamaemorus,4597357.84,3810710.526
Rubus chamaemorus,4836211.281,4900366.224
Rubus chamaemorus,4433089.807,4308904.034
Rubus chamaemorus,4873885.99,5336707.239
Rubus chamaemorus,5055176.811,4335070.829
Rubus chamaemorus,5088074.324,4211090.11
Rubus chamaemorus,4300621.183,4307789.673
Rubus chamaemorus,4686027.284,4695073.63
Rubus chamaemorus,4396801.951,4326676.183
Rubus chamaemorus,4996724.773,4239533.597
Rubus chamaemorus,5085596.046,4216660.128
Rubus chamaemorus,4073880.646,4265966.922
Rubus chamaemorus,4658232.946,5195544.559
Rubus chamaemorus,4399519.926,4341523.271
Rubus chamaemorus,4876907.093,4833298.063
Rubus chamaemorus,5101670.907,4333069.149
Rubus chamaemorus,5090366.093,4226098.165
Rubus chamaemorus,4807969.580999999,4897303.357
Rubus chamaemorus,4963599.768,4835911.107000001
Rubus chamaemorus,5326817.189,4561778.787
Rubus chamaemorus,5012805.496,4674487.767
Rubus chamaemorus,4784774.475,5121589.311
Rubus chamaemorus,4550651.364,4963098.275
Rubus chamaemorus,4480061.155,4681497.32
Rubus chamaemorus,5273082.764,4293008.684
Rubus chamaemorus,4492141.304,4348935.487
Rubus chamaemorus,4896452.583,4170271.74
Rubus chamaemorus,5326723.384,4535634.578
Rubus chamaemorus,5029125.657,4617855.817
Rubus chamaemorus,4858168.919,4841500.525
Rubus chamaemorus,4650170.417,4237476.22
Rubus chamaemorus,4629452.171,4688126.282
Rubus chamaemorus,4477815.715,4313284.196
Rubus chamaemorus,4715220.651,3975197.866
Rubus chamaemorus,4481799.929,4734124.875
Rubus chamaemorus,5202452.897,4139258.347
Rubus chamaemorus,4288137.714,4077047.052
Rubus chamaemorus,5002766.115,4634878.657
Rubus chamaemorus,4377930.684,4638963.29
Rubus chamaemorus,4685530.772,5049389.83
Rubus chamaemorus,4538218.915,4347036.964
Rubus chamaemorus,4995662.776,4854431.807
Rubus chamaemorus,4828298.167,5097402.338
Rubus chamaemorus,4323949.76,4312008.116
Rubus chamaemorus,4753506.881,4548004.988
Rubus chamaemorus,4508134.342,5017206.412
Rubus chamaemorus,5380086.699,4563397.004
Rubus chamaemorus,4194087.969,4403625.201
Rubus chamaemorus,4256570.119,4404118.74
Rubus chamaemorus,5032834.36,4829825.884
Rubus chamaemorus,4777039.949,4506866.684
Rubus chamaemorus,5226035.464,4675322.563
Rubus chamaemorus,4944291.357,4981084.125
Rubus chamaemorus,5105745.258,4610337.69
Rubus chamaemorus,4518413.516,4725777.883
Rubus chamaemorus,4530266.549,4446564.342
Rubus chamaemorus,4665457.489,4889132.549
Rubus chamaemorus,4412971.979,4091132.182
Rubus chamaemorus,5043185.566,4495715.86
Rubus chamaemorus,4502260.246,4323408.909
Rubus chamaemorus,4600541.586,5119811.406
Rubus chamaemorus,4170621.019,4337627.236
Rubus chamaemorus,4383243.035,4465350.112
Rubus chamaemorus,4762425.665,5013525.641
Rubus chamaemorus,4933126.471,4239250.305
Rubus chamaemorus,4551150.461,4608886.724
Rubus chamaemorus,5184715.877,3968048.253
Rubus chamaemorus,4331658.941,4481473.339
Rubus chamaemorus,4605210.37,4686815.13
Rubus chamaemorus,4950767.156,5214773.691
Rubus chamaemorus,5188647.53,4379456.217
Rubus chamaemorus,4678579.821,4498652.314
Rubus chamaemorus,5152077.938,4486897.157
Rubus chamaemorus,4895923.885000001,4895378.491
Rubus chamaemorus,5112588.066,4334760.794
Rubus chamaemorus,5116859.107,4216447.203
Rubus chamaemorus,4183651.912,4195182.289
Rubus chamaemorus,5033658.723000001,4335293.106
Rubus chamaemorus,5042724.227,5063625.176
Rubus chamaemorus,4627173.846,4674336.01
Rubus chamaemorus,4261429.696,4107166.496
Rubus chamaemorus,4139999.326,4394377.887
Rubus chamaemorus,5186963.317,4882094.718
Rubus chamaemorus,5179823.063,4927682.733
Rubus chamaemorus,5346492.365,4430736.135
Rubus chamaemorus,5170295.618,4299601.906
Rubus chamaemorus,4546324.034,4492962.113
Rubus chamaemorus,4478468.085,4247177.194
Rubus chamaemorus,5151059.395,4902723.001
Rubus chamaemorus,4664752.055,4202446.673
Rubus chamaemorus,5023660.858,5325790.666
Rubus chamaemorus,4222315.423,4079595.413
Rubus chamaemorus,4481413.104,4216687.019
Rubus chamaemorus,5038590.151,4222089.408
Rubus chamaemorus,4490256.619,4238740.21
Rubus chamaemorus,4360986.051,4316983.899
Rubus chamaemorus,4333669.936,3751248.511
Rubus chamaemorus,4420851.696,4833157.187
Rubus chamaemorus,4741314.252,4577549.882
Rubus chamaemorus,4930671.789,5149123.515
Rubus chamaemorus,4543840.969,3850873.126
Rubus chamaemorus,4615332.174,4424716.707
Rubus chamaemorus,5306869.757,4682694.433
Rubus chamaemorus,4488359.463,5017796.248
Rubus chamaemorus,4906246.096,5036650.979
Rubus chamaemorus,4899047.927,5096573.030000001
Rubus chamaemorus,4911150.089000001,5135435.534
Rubus chamaemorus,4909808.101,5051412.362
Rubus chamaemorus,4454290.32,4598877.968
Rubus chamaemorus,4594638.034,4301626.81
Rubus chamaemorus,4340388.082,3773422.765
Rubus chamaemorus,5155210.112,4302047.613
Rubus chamaemorus,5174271.08,4939355.494
Rubus chamaemorus,5237057.113,4381499.082
Rubus chamaemorus,4762073.338000001,5153600.02
Rubus chamaemorus,4565252.099,4241850.469
Rubus chamaemorus,4869748.14,5360747.253
Rubus chamaemorus,4370168.633,4236225.56
Rubus chamaemorus,4290806.08,3980221.745
Rubus chamaemorus,5041957.928,4036643.048
Rubus chamaemorus,4665258.142,5113521.59
Rubus chamaemorus,5008596.769,4734494.305
Rubus chamaemorus,5091813.812,4323391.005
Rubus chamaemorus,4221173.649,4159207.674
Rubus chamaemorus,4433238.722,3978665.804
Rubus chamaemorus,4852865.792,4167304.723
Rubus chamaemorus,4770427.902,5135275.058
Rubus chamaemorus,5087559.424,4687519.868
Rubus chamaemorus,4393060.644,4531979.322
Rubus chamaemorus,5108342.063,5372948.941000001
Rubus chamaemorus,4762434.632999999,5122920.823000001
Rubus chamaemorus,4375236.913,4095268.4479999994
Rubus chamaemorus,4332314.528,3756672.522
Rubus chamaemorus,5176496.366,4701618.218
Rubus chamaemorus,4461683.77,4330020.266
Rubus chamaemorus,5068503.316,4790460.714
Rubus chamaemorus,5061559.945,5119681.993
Rubus chamaemorus,4607580.747,5138413.163
Rubus chamaemorus,5202780.316,4785666.307999999
Rubus chamaemorus,4235647.027,4416355.913
Rubus chamaemorus,5115089.574000001,5306190.317
Rubus chamaemorus,4949049.894,4225752.27
Rubus chamaemorus,4668069.703,4723047.024
Rubus chamaemorus,4613011.569,4703544.875
Rubus chamaemorus,4687627.063,4494214.225
Rubus chamaemorus,5209758.289000001,4586952.921
Rubus chamaemorus,4511594.996,4394211.673
Rubus chamaemorus,4564968.311,4635165.493
Rubus chamaemorus,4460773.58,4998100.552
Rubus chamaemorus,4832633.362,4558762.438
Rubus chamaemorus,4577208.641,4997369.801
Rubus chamaemorus,4220176.247,4476843.984
Rubus chamaemorus,5291075.6280000005,4034319.051
Rubus chamaemorus,4963543.031,4576536.619
Rubus chamaemorus,4600864.034,4577869.818
Rubus chamaemorus,4175489.224,4056737.766
Rubus chamaemorus,4998898.484,5203438.596
Rubus chamaemorus,5120950.899,4634748.735
Rubus chamaemorus,4365827.746,4040879.563
Rubus chamaemorus,5134103.885,4259030.265
Rubus chamaemorus,5077398.595,5206991.525
Rubus chamaemorus,5128043.149,4221393.356
Rubus chamaemorus,4355399.784,4467957.695
Rubus chamaemorus,4970599.65,5262903.779
Rubus chamaemorus,4963558.423,5046622.028
Rubus chamaemorus,5210739.84,4660576.229
Rubus chamaemorus,4163936.814,4082507.126
Rubus chamaemorus,4143554.257,3986225.115
Rubus chamaemorus,5330640.539,4040725.591
Rubus chamaemorus,5202747.69,4675714.196
Rubus chamaemorus,4611013.723,4403243.048
Rubus chamaemorus,4881196.128,4944172.214
Rubus chamaemorus,4413976.635,4537254.304
Rubus chamaemorus,4996872.139,4637504.992
Rubus chamaemorus,4412463.629,4303097.718
Rubus chamaemorus,5005641.355,5149739.961
Rubus chamaemorus,4291120.777,4310630.647
Rubus chamaemorus,4579087.876,4256095.957
Rubus chamaemorus,4063488.794,4154212.657
Rubus chamaemorus,4621416.382,4574092.388
Rubus chamaemorus,4745394.465,4508855.2
Rubus chamaemorus,4165681.2869999995,4026863.448
Rubus chamaemorus,5221793.242,4658303.118
Rubus chamaemorus,4064544.338,4152778.959
Rubus chamaemorus,4980416.437,4884149.407999999
Rubus chamaemorus,4533769.903,4385800.339
Rubus chamaemorus,4436857.169,4565983.402
Rubus chamaemorus,4214494.641,4230140.29
Rubus chamaemorus,4606723.041,3821395.267
Rubus chamaemorus,5048662.864,5017878.838000001
Rubus chamaemorus,5071942.397,4741189.497
Rubus chamaemorus,4400282.936,4322022.583
Rubus chamaemorus,4998610.335,4867445.784
Rubus chamaemorus,4343098.039,4346052.773
Rubus chamaemorus,4328385.886,4076387.415
Rubus chamaemorus,4237968.159,4207900.561
Rubus chamaemorus,4648932.544,4446449.797
Rubus chamaemorus,4548109.51,4363587.779
Rubus chamaemorus,4657310.029,4478642.656
Rubus chamaemorus,4485372.278,4136156.77
Rubus chamaemorus,5076218.474,4232883.63
Rubus chamaemorus,4782362.764,5155838.781
Rubus chamaemorus,4173874.51,3968870.632
Rubus chamaemorus,4476736.717,4765040.275999999
Rubus chamaemorus,4598162.471,3786694.317
Rubus chamaemorus,4978998.645,5270167.993
Rubus chamaemorus,5028962.037,4946092.12
Rubus chamaemorus,5101805.822,4320728.733
Rubus chamaemorus,4981126.639,4495512.05
Rubus chamaemorus,4202672.253,4027300.028
Rubus chamaemorus,4580861.349,5057393.233
Rubus chamaemorus,4887775.104,5002566.275
Rubus chamaemorus,4703117.287,4800728.334
Rubus chamaemorus,4196171.428,4424935.468
Rubus chamaemorus,4433360.792,4234210.603
Rubus chamaemorus,4783369.725,5119169.951
Rubus chamaemorus,5117157.597,4015906.599000001
Rubus chamaemorus,4996409.373,5204858.445
Rubus chamaemorus,4931431.811,4913070.635
Rubus chamaemorus,4949721.55,5259550.117
Rubus chamaemorus,4973426.954,4473550.566
Rubus chamaemorus,4290264.275,4148261.219
Rubus chamaemorus,4798071.862,5283777.184
Rubus chamaemorus,4821248.140999999,4673387.902
Rubus chamaemorus,5072533.874,4192317.897
Rubus chamaemorus,5202793.220999999,4676006.021
Rubus chamaemorus,4468557.631,4325870.317
Rubus chamaemorus,4865863.592,5270150.643
Rubus chamaemorus,4830371.345,5254048.847
Rubus chamaemorus,4334181.612,3751961.56
Rubus chamaemorus,4198846.49,4408804.628
Rubus chamaemorus,4742297.808,4653541.774
Rubus chamaemorus,4165071.817,4394275.365
Rubus chamaemorus,5035100.237,4813936.222
Rubus chamaemorus,5313522.486,4141858.09
Rubus chamaemorus,4135757.67,4167447.819
Rubus chamaemorus,4114613.875,4268162.098
Rubus chamaemorus,4776278.875,4582872.635
Rubus chamaemorus,4942481.998,5221886.305
Rubus chamaemorus,5001250.916,4594332.714
Rubus chamaemorus,5144104.719,5076514.512
Rubus chamaemorus,4320420.015,4066926.642
Rubus chamaemorus,4579069.459,4129087.283
Rubus chamaemorus,4251299.953,4078276.027
Rubus chamaemorus,5157664.76,4549624.44
Rubus chamaemorus,4984584.773,4629242.131
Rubus chamaemorus,4554430.119,3753491.982
Rubus chamaemorus,5034106.09,4851752.02
Rubus chamaemorus,5129860.933999999,4182567.7310000006
Rubus chamaemorus,4633486.078,5156890.519
Rubus chamaemorus,5124437.048,4212884.237
Rubus chamaemorus,4771337.37,4849826.306000001
Rubus chamaemorus,4685821.686,5117309.963
Rubus chamaemorus,5033740.599,5333406.92
Rubus chamaemorus,4427537.495,4338865.8
Rubus chamaemorus,4316914.468,4260798.296
Rubus chamaemorus,4786562.92,4643111.697
Rubus chamaemorus,5287622.312,4692581.887
Rubus chamaemorus,4407232.717,4274165.965
Rubus chamaemorus,4362585.35,4105503.578
Rubus chamaemorus,4462238.458,4632530.196
Rubus chamaemorus,4332322.124,3757046.106
Rubus chamaemorus,4833987.329,4974683.405
Rubus chamaemorus,5138932.06,4225798.181
Rubus chamaemorus,5003411.704,4203343.472
Rubus chamaemorus,5183152.675,4392533.509
Rubus chamaemorus,4637214.063,4629515.069
Rubus chamaemorus,4176110.475,4214528.459
Rubus chamaemorus,4433316.077,4228209.529
Rubus chamaemorus,5213139.677,4534346.583
Rubus chamaemorus,5337368.882999999,4631422.061
Rubus chamaemorus,4418284.824,4647899.225
Rubus chamaemorus,5047794.962,4331874.167
Rubus chamaemorus,5365897.680000001,4621612.653
Rubus chamaemorus,4462916.287,5004477.374
Rubus chamaemorus,4473482.526,4249378.081
Rubus chamaemorus,4934950.454999999,5249974.721
Rubus chamaemorus,4963681.937,4967538.962
Rubus chamaemorus,4573798.96,4458832.873
Rubus chamaemorus,4806150.655,4927847.58
Rubus chamaemorus,4662563.051,4632634.053
Rubus chamaemorus,4412297.678,4519091.883
Rubus chamaemorus,4307155.882,4415190.263
Rubus chamaemorus,4955478.173,5212899.916
Rubus chamaemorus,4452813.726,4596095.643
Rubus chamaemorus,4549818.153,4237421.26
Rubus chamaemorus,5169040.024,4094871.267
Rubus chamaemorus,4417934.381,4284370.125
Rubus chamaemorus,4241087.127,4022802.105
Rubus chamaemorus,4127127.064,4184643.942
Rubus chamaemorus,4988532.129,4837986.99
Rubus chamaemorus,4572619.152,4119237.917
Rubus chamaemorus,4544022.756,4631605.083
Rubus chamaemorus,5067165.665,4268638.35
Rubus chamaemorus,4681205.056,4790264.39
Rubus chamaemorus,4848400.69,4941230.626
Rubus chamaemorus,4194048.309,4434959.735
Rubus chamaemorus,4992384.359,4213975.947
Rubus chamaemorus,4526596.767,3778680.314
Rubus chamaemorus,4520208.337,5039636.860000001
Rubus chamaemorus,5047116.312000001,4044870.095
Rubus chamaemorus,4559448.456,4359093.77
Rubus chamaemorus,4418781.109,4699565.36
Rubus chamaemorus,5079629.65,4231671.993
Rubus chamaemorus,4520978.063,4294447.963
Rubus chamaemorus,4392241.245,4526435.591
Rubus chamaemorus,4573048.97,4084351.879
Rubus chamaemorus,5193209.642,4591533.048
Rubus chamaemorus,4365165.318,4391528.621
Rubus chamaemorus,5099497.504,4286123.139
Rubus chamaemorus,4344719.3,4192858.029
Rubus chamaemorus,4344914.225,4010252.255
Rubus chamaemorus,4374260.278,4124565.624
Rubus chamaemorus,4406568.07,4427927.172
Rubus chamaemorus,5117953.74,4310316.268
Rubus chamaemorus,4235422.136,4146471.764
Rubus chamaemorus,4575348.731,4543729.869
Rubus chamaemorus,4309921.157,4344572.038
Rubus chamaemorus,4717751.334,5123719.91
Rubus chamaemorus,5010154.149,5342172.552
Rubus chamaemorus,5150864.101,4027214.359
Rubus chamaemorus,4989926.989,4398536.677
Rubus chamaemorus,4149219.55,3926239.875
Rubus chamaemorus,4357922.513,4170710.066
Rubus chamaemorus,4619084.974,5137292.128
Rubus chamaemorus,4996053.923,5093255.201
Rubus chamaemorus,4789119.519,4771863.247
Rubus chamaemorus,4798662.939,5142659.133
Rubus chamaemorus,4170440.752,4409363.814
Rubus chamaemorus,4373518.006,4098646.152
Rubus chamaemorus,4425387.356,4319861.178
Rubus chamaemorus,4130991.093,3972948.7099999995
Rubus chamaemorus,4869484.045,5054886.618
Rubus chamaemorus,4742451.888,4796616.085
Rubus chamaemorus,4275552.346,4183604.123
Rubus chamaemorus,5039120.994,4995944.048
Rubus chamaemorus,4228443.496,4241458.37
Rubus chamaemorus,4207515.813,4054192.051
Rubus chamaemorus,4202998.246,4393359.259
Rubus chamaemorus,5301634.406,4114096.7510000006
Rubus chamaemorus,4162364.119,4085261.385
Rubus chamaemorus,4561976.84,4904840.865
Rubus chamaemorus,4706814.595,4181298.221
Rubus chamaemorus,5074982.875,4659275.079
Rubus chamaemorus,4245045.952,4082739.627
Rubus chamaemorus,4411153.718,4501546.202
Rubus chamaemorus,5099143.644,4690870.475
Rubus chamaemorus,4908049.735,4911415.878
Rubus chamaemorus,4618547.804,5134637.067
Rubus chamaemorus,5388381.547,4575563.38
Rubus chamaemorus,5299484.645,4706027.412
Rubus chamaemorus,4548899.413,3783059.939
Rubus chamaemorus,5078543.098,4243774.891
Rubus chamaemorus,4551452.246,4384404.939
Rubus chamaemorus,4788653.394,4651881.751
Rubus chamaemorus,4286941.028,4352883.485
Rubus chamaemorus,4141967.712,3981855.749
Rubus chamaemorus,5099591.355,4583037.947
Rubus chamaemorus,5169791.893,4325266.311
Rubus chamaemorus,5070882.830000001,5273999.323
Rubus chamaemorus,4792549.335999999,5142088.594
Rubus chamaemorus,4224362.375,4157331.834
Rubus chamaemorus,5143349.017,4032518.857
Rubus chamaemorus,4484635.344,4177196.021
Rubus chamaemorus,5035396.746,5336118.683
Rubus chamaemorus,4206075.421,4395247.492
Rubus chamaemorus,4990830.015,4223890.861
Rubus chamaemorus,5049086.139,4741119.214999999
Rubus chamaemorus,4569030.52,4852885.157
Rubus chamaemorus,4747540.665,4518183.045
Rubus chamaemorus,5138540.989,4442696.8
Rubus chamaemorus,4323011.941,4494154.293
Rubus chamaemorus,4561440.583,4099315.833
Rubus chamaemorus,5307223.332,4682814.276
Rubus chamaemorus,4413420.215,4548682.985
Rubus chamaemorus,4615938.88,5150223.428
Rubus chamaemorus,4449340.746,4985938.151
Rubus chamaemorus,4588999.26,4136524.733
Rubus chamaemorus,4520692.812,4081249.0830000006
Rubus chamaemorus,5021282.817,4677661.557
Rubus chamaemorus,4611076.41,3813043.693
Rubus chamaemorus,4544176.334,4182407.689
Rubus chamaemorus,4175887.2439999995,4148023.086
Rubus chamaemorus,5042755.571,4648071.74
Rubus chamaemorus,4632518.745,4614453.165
Rubus chamaemorus,4606980.258,4372307.687
Rubus chamaemorus,4197625.921,4061798.116
Rubus chamaemorus,4285213.288,4139800.806
Rubus chamaemorus,4612626.365,4092341.939
Rubus chamaemorus,4840926.988,4989565.898
Rubus chamaemorus,4469840.492,4997601.378
Rubus chamaemorus,5097285.814,4334037.162
Rubus chamaemorus,4534476.074,5098779.804
Rubus chamaemorus,4827582.991,5154146.149
Rubus chamaemorus,4555378.045,5117761.426
Rubus chamaemorus,4948372.446,4365377.527
Rubus chamaemorus,5097811.791,4284671.659
Rubus chamaemorus,4812402.401,4913487.63
Rubus chamaemorus,4895621.469,4979142.913
Rubus chamaemorus,4846050.197,5186883.567
Rubus chamaemorus,5194515.255,4533532.014
Rubus chamaemorus,4349436.607,4561514.762
Rubus chamaemorus,5153272.12,4018851.338
Rubus chamaemorus,4763613.616,5133488.748
Rubus chamaemorus,5299136.53,4335591.068
Rubus chamaemorus,5275595.037,4582449.077
Rubus chamaemorus,4214310.099,4055750.86
Rubus chamaemorus,5167826.753,4314975.683
Rubus chamaemorus,4459670.854,5004000.134
Rubus chamaemorus,4327550.11,4087377.304
Rubus chamaemorus,5070934.894,4973214.428999999
Rubus chamaemorus,4395490.669,4135195.078
Rubus chamaemorus,4963358.401,4511611.169
Rubus chamaemorus,4166715.149,4303844.171
Rubus chamaemorus,4282625.362,4452600.435
Rubus chamaemorus,5017710.891,4713821.58
Rubus chamaemorus,4623900.453,4628515.914
Rubus chamaemorus,4627957.155,3993886.086
Rubus chamaemorus,5004022.847999999,5090863.225
Rubus chamaemorus,4185014.662,4143843.869
Rubus chamaemorus,5151677.4,4231501.431
Rubus chamaemorus,4345044.004,4249846.14
Rubus chamaemorus,4181513.232,3942308.3100000005
Rubus chamaemorus,4257574.982,4404104.721
Rubus chamaemorus,4920248.286000001,5014995.338
Rubus chamaemorus,4573910.427,4304553.823
Rubus chamaemorus,4731494.962,5169753.014
Rubus chamaemorus,4393821.593,4276320.97
Rubus chamaemorus,5273769.149,4270471.764
Rubus chamaemorus,5074022.699,4701256.59
Rubus chamaemorus,4593423.561,4431082.444
Rubus chamaemorus,5005598.396,5304251.239
Rubus chamaemorus,4827317.508,5245471.253
Rubus chamaemorus,4541724.13,3930473.245
Rubus chamaemorus,5170363.634,3979665.847
Rubus chamaemorus,5154362.228,4225615.042
Rubus chamaemorus,5056733.088,4331115.786
Rubus chamaemorus,5065392.598,4862734.081000001
Rubus chamaemorus,4979794.909,4946977.125
Rubus chamaemorus,5022043.758,4716976.558
Rubus chamaemorus,4780289.226,5115286.089
Rubus chamaemorus,4604685.958,4057860.593
Rubus chamaemorus,4461213.353,4783939.871
Rubus chamaemorus,5036965.276,4553908.397
Rubus chamaemorus,4938036.874000001,4205269.969
Rubus chamaemorus,5003604.799,4428556.641
Rubus chamaemorus,4153191.44,3995247.764
Rubus chamaemorus,4830025.462,5369079.457
Rubus chamaemorus,4359601.828,4152922.626
Rubus chamaemorus,4550039.867,5093902.854
Rubus chamaemorus,4768090.615,4909591.939
Rubus chamaemorus,5225195.213,4682325.856
Rubus chamaemorus,4133197.854,4049140.805
Rubus chamaemorus,5215975.768999999,4616159.868
Rubus chamaemorus,4725518.606,4713068.904
Rubus chamaemorus,5058159.396,5200148.244
Rubus chamaemorus,5131591.194,4041520.3659999995
Rubus chamaemorus,5113380.873000001,4620491.666
Rubus chamaemorus,4669920.364,4646509.323
Rubus chamaemorus,4481985.376,5028150.25
Rubus chamaemorus,4535634.884,5048281.127
Rubus chamaemorus,4704111.954,4621081.812
Rubus chamaemorus,4375863.787,4294873.827
Rubus chamaemorus,4462805.513,4204854.128
Rubus chamaemorus,5042387.636,4912471.34
Rubus chamaemorus,4335259.967,3752340.289
Rubus chamaemorus,5148490.649,4500436.634
Rubus chamaemorus,4468065.961,4317242.086
Rubus chamaemorus,4507969.319,5066532.263
Rubus chamaemorus,4510258.031,4309524.832
Rubus chamaemorus,4331727.968,3749250.656
Rubus chamaemorus,4465376.44,4040452.933
Rubus chamaemorus,4972279.391,5264356.849
Rubus chamaemorus,4774685.98,5149726.198
Rubus chamaemorus,4383612.581,4145363.466
Rubus chamaemorus,4644920.182,4690855.317
Rubus chamaemorus,4687615.865,4590329.641
Rubus chamaemorus,5112542.728,4338874.397
Rubus chamaemorus,4665326.067,4751765.398000001
Rubus chamaemorus,4413906.193,4355245.677
Rubus chamaemorus,5141388.479,4503820.747
Rubus chamaemorus,4417294.611,4278850.059
Rubus chamaemorus,4682591.707,5048387.994
Rubus chamaemorus,5090035.794,4393057.966
Rubus chamaemorus,4916400.849000001,5032497.66
Rubus chamaemorus,4495413.932,4628921.2
Rubus chamaemorus,5227316.953,4400074.764
Rubus chamaemorus,5030685.076,4669740.569
Rubus chamaemorus,4680813.424,5042285.339
Rubus chamaemorus,4295590.643,4395475.779
Rubus chamaemorus,5076271.271,4712119.03
Rubus chamaemorus,4453804.422,4362861.407
Rubus chamaemorus,4370194.285,4077991.313
Rubus chamaemorus,5122035.091000001,4580411.61
Rubus chamaemorus,5291590.744,4568862.771
Rubus chamaemorus,5076832.859,5325268.481999999
Rubus chamaemorus,4980900.065,4457803.167
Rubus chamaemorus,5053098.297,4152417.744999999
Rubus chamaemorus,4937553.079,4210496.199
Rubus chamaemorus,4773977.403,4896332.855
Rubus chamaemorus,4549134.945,4362147.727
Rubus chamaemorus,4887061.5,4834220.287
Rubus chamaemorus,5162796.765,4034137.694
Rubus chamaemorus,4477631.688,4151244.262
Rubus chamaemorus,5048807.471,4023071.212
Rubus chamaemorus,4622557.794,4488491.155
Rubus chamaemorus,4245817.049,4424184.306
Rubus chamaemorus,5170831.644,4881081.246
Rubus chamaemorus,5142951.748,4886241.708
Rubus chamaemorus,5042981.523000001,4604870.683
Rubus chamaemorus,5056274.044999999,4210378.893
Rubus chamaemorus,5220629.986,4624290.519
Rubus chamaemorus,5123219.64,4268779.518
Rubus chamaemorus,5079593.231,4338978.027
Rubus chamaemorus,4440574.791,4190254.53
Rubus chamaemorus,4472393.423,4086959.667
Rubus chamaemorus,4447023.404,4329413.966
Rubus chamaemorus,4713034.065,5153241.822
Rubus chamaemorus,4502097.98,4734046.988
Rubus chamaemorus,4157980.111,4014000.591
Rubus chamaemorus,4555045.926,4168524.8020000006
Rubus chamaemorus,4288488.181,4090949.611
Rubus chamaemorus,5066827.47,5173405.837
Rubus chamaemorus,4747793.229,4818321.32
Rubus chamaemorus,5317132.679,4395509.17
Rubus chamaemorus,4864698.519,5253521.229
Rubus chamaemorus,4333015.286,4199135.039
Rubus chamaemorus,5110183.888,4209372.751
Rubus chamaemorus,4097170.315,4000817.0150000006
Rubus chamaemorus,4096088.307,4149741.444
Rubus chamaemorus,4571877.673,4364888.646
Rubus chamaemorus,4558200.41,5136738.035
Rubus chamaemorus,5080033.438,4214242.814
Rubus chamaemorus,4550951.127,4521852.037
Rubus chamaemorus,4118178.096,4343778.236
Rubus chamaemorus,4773987.207,4895550.191
Rubus chamaemorus,5154739.834,4302288.517
Rubus chamaemorus,4667694.1,4504017.315
Rubus chamaemorus,5042652.122,4911509.891
Rubus chamaemorus,4973110.3,4587202.796
Rubus chamaemorus,4336873.28,4339936.179
Rubus chamaemorus,4442202.48,3967937.337
Rubus chamaemorus,5135736.454,4202310.755
Rubus chamaemorus,4357748.092,4220113.937
Rubus chamaemorus,4428977.791,4505718.833
Rubus chamaemorus,5281800.909,4691149.189
Rubus chamaemorus,4542903.401,4211378.981
Rubus chamaemorus,4135118.526,4344397.037
Rubus chamaemorus,5177551.36,4224022.745
Rubus chamaemorus,4471716.929,4669036.586
Rubus chamaemorus,4505412.539,5031818.895
Rubus chamaemorus,4334742.653,3750613.965
Rubus chamaemorus,4263215.544,4378114.064
Rubus chamaemorus,4686336.338,5048423.549
Rubus chamaemorus,4996291.157,4241257.494
Rubus chamaemorus,4394821.43,4018810.097
Rubus chamaemorus,4541563.754,4301626.457
Rubus chamaemorus,4499659.817,4606958.261
Rubus chamaemorus,5191137.506,4442357.601
Rubus chamaemorus,4466123.411,4819996.825
Rubus chamaemorus,4325517.412,4403793.939
Rubus chamaemorus,5259302.978,4684571.966
Rubus chamaemorus,5112859.376,4943566.362
Rubus chamaemorus,5051910.839,4326634.606
Rubus chamaemorus,4454973.668,4660324.427
Rubus chamaemorus,4982958.352,4550565.486
Rubus chamaemorus,4767633.68,4670722.352
Rubus chamaemorus,4698724.764,4137357.799
Rubus chamaemorus,4170958.295,4076990.8440000005
Rubus chamaemorus,4527850.258,4940238.526
Rubus chamaemorus,5091471.953,4237717.401
Rubus chamaemorus,4276815.712,4087512.817
Rubus chamaemorus,4438219.841,4018774.263
Rubus chamaemorus,4765859.348000001,4670774.273
Rubus chamaemorus,4849922.045999999,5190506.855
Rubus chamaemorus,4736347.75,4817449.271
Rubus chamaemorus,4397552.449,4381726.67
Rubus chamaemorus,4964526.35,4545892.973
Rubus chamaemorus,4860062.442,5343871.046
Rubus chamaemorus,5141373.014,4224340.806
Rubus chamaemorus,4457998.549,4499165.474
Rubus chamaemorus,4324870.192,4082627.837
Rubus chamaemorus,4402502.685,4436569.625
Rubus chamaemorus,4252220.567,3945856.587
Rubus chamaemorus,4561920.259,4368885.259
Rubus chamaemorus,4570819.716,3759594.484
Rubus chamaemorus,5047495.457,5141852.437
Rubus chamaemorus,4421980.752,4065919.136
Rubus chamaemorus,4466825.624,4726460
Rubus chamaemorus,4163071.583,4143416.99
Rubus chamaemorus,5084609.972999999,4244256.672
Rubus chamaemorus,5029370.318,4880384.408
Rubus chamaemorus,4225761.131,4079860.036
Rubus chamaemorus,4480294.091,3891876.193
Rubus chamaemorus,4634992.933,5040696.033
Rubus chamaemorus,4254775.437,4123983.292
Rubus chamaemorus,4532687.527,4921824.705
Rubus chamaemorus,4957937.855999999,4961962.088
Rubus chamaemorus,5289711.639,4446714.405
Rubus chamaemorus,4448452.299,4577900.278
Rubus chamaemorus,4239229.769,4024102.378
Rubus chamaemorus,4774459.392,5157872.821
Rubus chamaemorus,5123587.615999999,4240805.769
Rubus chamaemorus,4894279.408,4799027.84
Rubus chamaemorus,5101078.259000001,4581349.733
Rubus chamaemorus,5157346.543,4224741.94
Rubus chamaemorus,4165181.357,4070269.24
Rubus chamaemorus,4455251.743,3940236.2829999994
Rubus chamaemorus,5016552.3,4874053.513
Rubus chamaemorus,4703518.055,4725521.676
Rubus chamaemorus,5025687.863,4676715.595
Rubus chamaemorus,5203699.385,4113884.469
Rubus chamaemorus,5016949.735,4674506.575
Rubus chamaemorus,5224262.124000001,4491414.34
Rubus chamaemorus,4482536.629,4207256.926
Rubus chamaemorus,4511426.578,5054031.85
Rubus chamaemorus,5146672.044,4057703.533
Rubus chamaemorus,4789110.492,4662735.424
Rubus chamaemorus,4294392.66,4243486.7
Rubus chamaemorus,5099532.983,4602599.662
Rubus chamaemorus,5067036.908000001,4969746.661
Rubus chamaemorus,5285681.884,4692104.405
Rubus chamaemorus,4146575.119,4022627.33
Rubus chamaemorus,4959107.326,5214852.145
Rubus chamaemorus,4573492.824,4534906.113
Rubus chamaemorus,4687811.949,5046437.136999999
Rubus chamaemorus,5320131.612,4118750.477
Rubus chamaemorus,5166932.176,4060200.577
Rubus chamaemorus,4768745.581,4886990.955
Rubus chamaemorus,4756845.002,5138893.395
Rubus chamaemorus,4161792.944,4085082.487
Rubus chamaemorus,4962184.303,4833493.192
Rubus chamaemorus,4264698.809,4042384.087
Rubus chamaemorus,5193617.652,4593746.071
Rubus chamaemorus,5082569.974,4565375.274
Rubus chamaemorus,4399018.218,4506195.544
Rubus chamaemorus,4496955.359,4263869.847
Rubus chamaemorus,4669465.963,4647538.633
Rubus chamaemorus,4793197.163,5288009.761
Rubus chamaemorus,4581944.781,3719560.253
Rubus chamaemorus,4961817.113,4974257.214
Rubus chamaemorus,5103462.756,4718946.208
Rubus chamaemorus,4924555.585000001,5201485.416
Rubus chamaemorus,4937197.668,4905265.23
Rubus chamaemorus,4537812.807,3740849.547
Rubus chamaemorus,4745416.554,5010076.189
Rubus chamaemorus,5072577.225,4375652.804
Rubus chamaemorus,4985545.579,5275051.7129999995
Rubus chamaemorus,4772985.996,5166717.876
Rubus chamaemorus,5203067.157,4060162.639
Rubus chamaemorus,4682347.744,4649231.661
Rubus chamaemorus,4733871.965,4667367.662
Rubus chamaemorus,4211692.419,4042980.437
Rubus chamaemorus,5074159.71,4635378.362
Rubus chamaemorus,5218090.836,4094241.556
Rubus chamaemorus,5115079.001,4329194.28
Rubus chamaemorus,5067354.4690000005,5199932.525
Rubus chamaemorus,4506044.897,4165525.394
Rubus chamaemorus,4526158.027,4509855.132
Rubus chamaemorus,4163484.867,4081745.741
Rubus chamaemorus,4250265.484,4193841.4219999993
Rubus chamaemorus,4560648.06,4128900.932
Rubus chamaemorus,4089176.973,4082604.6730000004
Rubus chamaemorus,4544355.305,4397521.308
Rubus chamaemorus,5063403.953,4537985.556
Rubus chamaemorus,5275203.398,4258954.948
Rubus chamaemorus,4505303.159,4333821.44
Rubus chamaemorus,5069198.741000001,4254027.289
Rubus chamaemorus,4221189.68,4471267.706
Rubus chamaemorus,4127519.757,4133663.276
Rubus chamaemorus,4775749.516,5164364.863
Rubus chamaemorus,4923053.954,5090686.805
Rubus chamaemorus,4411312.789,4228577.425
Rubus chamaemorus,4382663.018,4485581.925
Rubus chamaemorus,4327277.185,4069418.248
Rubus chamaemorus,4671702.555,4533360.651
Rubus chamaemorus,5096311.954,5374768.299
Rubus chamaemorus,4855151.584,5066575.42
Rubus chamaemorus,5116820.687,4227525.355
Rubus chamaemorus,4420688.317,4269332.074
Rubus chamaemorus,5173218.1,4410694.639
Rubus chamaemorus,4269570.877,4380753.532
Rubus chamaemorus,4799046.549,5320200.326
Rubus chamaemorus,4542941.755,4202700.563
Rubus chamaemorus,4520478.033,4296468.567
Rubus chamaemorus,4693215.909,5049010.562
Rubus chamaemorus,4316614.453,4387306.356
Rubus chamaemorus,4463254.293,4806880.39
Rubus chamaemorus,4776714.067,4866560.936
Rubus chamaemorus,4770836.319,5155897.847
Rubus chamaemorus,4888787.205,4835347.609
Rubus chamaemorus,4622514.66,5173941.85
Rubus chamaemorus,4958524.701000001,4508721.419
Rubus chamaemorus,5105323.207,4502776.476
Rubus chamaemorus,4697974.381,4153991.7990000006
Rubus chamaemorus,4174343.8620000007,4036755.402
Rubus chamaemorus,5016684.371000001,4873572.748
Rubus chamaemorus,4502023.883,4733961.886
Rubus chamaemorus,4389516.373,4390449.161
Rubus chamaemorus,4447330.857,4584717.546
Rubus chamaemorus,4510015.221,4220043.712
Rubus chamaemorus,4910534.422,5045950.451
Rubus chamaemorus,4620734.326,4574712.583
Rubus chamaemorus,5019601.728,4676206.815
Rubus chamaemorus,5137388.486,4207878.495
Rubus chamaemorus,4504552.083,5034643.916
Rubus chamaemorus,4421288.487,4274011.418
Rubus chamaemorus,4743741.943,5244036.329
Rubus chamaemorus,5298503.698,4706943.644
Rubus chamaemorus,5182253.226,4462467.088
Rubus chamaemorus,5055808.628,4668868.741
Rubus chamaemorus,4196840.111,4150687.213
Rubus chamaemorus,5048634.281999999,4882166.878
Rubus chamaemorus,5014456.91,4691378.836
Rubus chamaemorus,5139911.346,4443926.223
Rubus chamaemorus,4794768.0649999995,5141642.191
Rubus chamaemorus,4160800.699,4130415.383
Rubus chamaemorus,4584587.124,4532210.876
Rubus chamaemorus,5091605.185,4320245.578
Rubus chamaemorus,4764088.914,5013030.612
Rubus chamaemorus,5211983.211,4035681.773
Rubus chamaemorus,4831391.71,4584505.532
Rubus chamaemorus,5080520.760000001,4240143.504
Rubus chamaemorus,4423650.32,3994988.767
Rubus chamaemorus,4096079.391,4325591.267
Rubus chamaemorus,4991282.482,4202364.144
Rubus chamaemorus,4198281.72,4144588.628
Rubus chamaemorus,4370842.722,4487435.942
Rubus chamaemorus,5068213.909,4231917.804
Rubus chamaemorus,5142569.943999999,4909831.692
Rubus chamaemorus,5110947.934,4329195.738
Rubus chamaemorus,5119061.998999999,4583790.077
Rubus chamaemorus,4067313.005,4278130.061
Rubus chamaemorus,4656939.469,4497063.465
Rubus chamaemorus,4755698.624,4863268.846
Rubus chamaemorus,4125766.974,3997457.663
Rubus chamaemorus,4392706.711,4307383.033
Rubus chamaemorus,4640665.829,4470645.679
Rubus chamaemorus,4958223.073,4127103.733
Rubus chamaemorus,4184804.633,4166527.978
Rubus chamaemorus,4970379.623,5234136.708
Rubus chamaemorus,4843577.738,4592677.47
Rubus chamaemorus,5211964.296,4260341.534
Rubus chamaemorus,4557292.567,3804500.929
Rubus chamaemorus,4645061.679,5096686.887
Rubus chamaemorus,5252406.892,4297204.393
Rubus chamaemorus,4994855.289,4246026.352
Rubus chamaemorus,5028907.216,5039775.480999999
Rubus chamaemorus,4507473.262,3799643.959
Rubus chamaemorus,5149322.778,4207288.055
Rubus chamaemorus,5022586.167,4672842.752
Rubus chamaemorus,4417051.03,4489597.175
Rubus chamaemorus,4501037.308,4567664.654
Rubus chamaemorus,5159670.61,4128757.178
Rubus chamaemorus,4299628.932,4188890.879
